{
  "file": "Test.pdf",
  "image": "preview_p001.png",
  "page": 1,
  "dpi": 150,
  "width": 556.9199829101562,
  "height": 794.8800048828125,
  "regions": []
}