{
  "file": "Test.pdf",
  "image": "preview_p002.png",
  "page": 2,
  "dpi": 150,
  "width": 554.760009765625,
  "height": 792.719970703125,
  "regions": []
}